timestamp_s,reads_attempted,valid_samples,rejected_samples,outlier_count,sample_rate_hz,retained_ratio,summary_count,min_temperature_c,max_temperature_c,mean_temperature_c,median_temperature_c,stddev_temperature_c,source,current_temperature_c,predicted_temperature_c,trend_c_per_s,rate_of_change_c_per_s,likely_hvac_active,likely_heating,likely_cooling,stable
1790290744.000000,61,61,0,17,1.016667,0.163934,10,52.350000,52.350000,52.350000,52.350000,0.000000,cpu,52.350000,52.350000,-0.000000,-0.000000,0,0,0,1
1790291005.000000,61,61,0,29,1.016667,0.163934,10,51.250000,51.250000,51.250000,51.250000,0.000000,cpu,51.250000,51.250000,0.000000,0.000000,0,0,0,1
1790291077.000000,61,61,0,28,1.016667,0.163934,10,51.250000,51.250000,51.250000,51.250000,0.000000,cpu,51.250000,51.250000,0.000000,0.000000,0,0,0,1
1790348253.000000,61,61,0,35,1.016667,0.163934,10,46.300000,46.300000,46.300000,46.300000,0.000000,cpu,46.300000,46.300000,-0.000000,-0.000000,0,0,0,1
1790348313.000000,61,61,0,56,1.016667,0.081967,5,51.250000,52.900000,51.910000,51.800000,0.538888,cpu,51.800000,50.975000,-0.027500,-0.027500,1,0,0,0
1790348425.000000,61,61,0,41,1.016667,0.163934,10,49.050000,49.050000,49.050000,49.050000,0.000000,cpu,49.050000,49.050000,-0.000000,-0.000000,0,0,0,1
1790348485.000000,61,61,0,56,1.016667,0.081967,5,47.950000,49.600000,49.270000,49.600000,0.660000,cpu,49.600000,49.835714,0.007857,0.007857,1,0,0,0
1790348559.000000,61,61,0,34,1.016667,0.163934,10,48.500000,48.500000,48.500000,48.500000,0.000000,cpu,48.500000,48.500000,0.000000,0.000000,0,0,0,1
1790348634.000000,61,61,0,40,1.016667,0.163934,10,48.500000,48.500000,48.500000,48.500000,0.000000,cpu,48.500000,48.500000,0.000000,0.000000,0,0,0,1
1790348697.000000,61,61,0,32,1.016667,0.163934,10,47.950000,47.950000,47.950000,47.950000,0.000000,cpu,47.950000,47.950000,0.000000,0.000000,0,0,0,1
1790348767.000000,61,61,0,35,1.016667,0.163934,10,47.950000,47.950000,47.950000,47.950000,0.000000,cpu,47.950000,47.950000,0.000000,0.000000,0,0,0,1
1790348867.000000,61,61,0,35,1.016667,0.163934,10,47.950000,47.950000,47.950000,47.950000,0.000000,cpu,47.950000,47.950000,0.000000,0.000000,0,0,0,1
1790532295.000000,61,61,0,55,1.016667,0.098361,6,51.800000,52.900000,52.350000,52.350000,0.317543,cpu,52.350000,52.350000,0.000000,0.000000,0,0,0,1
1790532416.000000,61,61,0,11,1.016667,0.163934,10,49.600000,49.600000,49.600000,49.600000,0.000000,cpu,49.600000,49.600000,-0.000000,-0.000000,0,0,0,1
1790532476.000000,61,61,0,21,1.016667,0.163934,10,49.600000,49.600000,49.600000,49.600000,0.000000,cpu,49.600000,49.600000,-0.000000,-0.000000,0,0,0,1
1790532542.000000,61,61,0,28,1.016667,0.163934,10,49.600000,49.600000,49.600000,49.600000,0.000000,cpu,49.600000,49.600000,-0.000000,-0.000000,0,0,0,1
1790532604.000000,61,61,0,32,1.016667,0.163934,10,49.600000,49.600000,49.600000,49.600000,0.000000,cpu,49.600000,49.600000,-0.000000,-0.000000,0,0,0,1
1790532632.000000,61,61,0,52,1.016667,0.147541,9,49.050000,50.150000,50.027778,50.150000,0.345697,cpu,50.150000,50.309420,0.005314,0.005314,0,0,0,1
1790532889.000000,61,61,0,43,1.016667,0.163934,10,51.250000,51.250000,51.250000,51.250000,0.000000,cpu,51.250000,51.250000,0.000000,0.000000,0,0,0,1
1790532961.000000,61,61,0,37,1.016667,0.163934,10,50.150000,50.150000,50.150000,50.150000,0.000000,cpu,50.150000,50.150000,0.000000,0.000000,0,0,0,1
1790533018.000000,61,61,0,52,1.016667,0.147541,9,50.150000,50.700000,50.638889,50.700000,0.172848,cpu,50.700000,50.734591,0.001153,0.001153,0,0,0,1
1790533086.000000,61,61,0,45,1.016667,0.163934,10,50.150000,50.150000,50.150000,50.150000,0.000000,cpu,50.150000,50.150000,0.000000,0.000000,0,0,0,1
1790533143.000000,61,61,0,54,1.016667,0.114754,7,50.700000,51.800000,50.857143,50.700000,0.384920,cpu,50.700000,50.495031,-0.006832,-0.006832,0,0,0,1
1790533922.000000,61,61,0,19,1.016667,0.163934,10,54.000000,54.000000,54.000000,54.000000,0.000000,cpu,54.000000,54.000000,0.000000,0.000000,0,0,0,1
1790533996.000000,61,61,0,31,1.016667,0.163934,10,54.000000,54.000000,54.000000,54.000000,0.000000,cpu,54.000000,54.000000,0.000000,0.000000,0,0,0,1
1790534057.000000,61,61,0,29,1.016667,0.163934,10,54.000000,54.000000,54.000000,54.000000,0.000000,cpu,54.000000,54.000000,0.000000,0.000000,0,0,0,1
1790534118.000000,61,61,0,40,1.016667,0.163934,10,54.550000,54.550000,54.550000,54.550000,0.000000,cpu,54.550000,54.550000,0.000000,0.000000,0,0,0,1
1790534196.000000,61,61,0,49,1.016667,0.163934,10,54.550000,55.100000,55.045000,55.100000,0.165000,cpu,55.100000,55.128448,0.000948,0.000948,0,0,0,1
1790534322.000000,61,61,0,54,1.016667,0.114754,7,55.650000,56.200000,55.728571,55.650000,0.192460,cpu,55.650000,55.593878,-0.001871,-0.001871,0,0,0,1
1790534401.000000,61,61,0,32,1.016667,0.163934,10,54.550000,54.550000,54.550000,54.550000,0.000000,cpu,54.550000,54.550000,0.000000,0.000000,0,0,0,1
1790534468.000000,61,61,0,24,1.016667,0.163934,10,54.000000,54.000000,54.000000,54.000000,0.000000,cpu,54.000000,54.000000,0.000000,0.000000,0,0,0,1
1790534532.000000,61,61,0,25,1.016667,0.163934,10,54.000000,54.000000,54.000000,54.000000,0.000000,cpu,54.000000,54.000000,0.000000,0.000000,0,0,0,1
1790534601.000000,61,61,0,28,1.016667,0.163934,10,54.000000,54.000000,54.000000,54.000000,0.000000,cpu,54.000000,54.000000,0.000000,0.000000,0,0,0,1
1790535269.000000,61,61,0,33,1.016667,0.163934,10,53.450000,53.450000,53.450000,53.450000,0.000000,cpu,53.450000,53.450000,0.000000,0.000000,0,0,0,1
1790535409.000000,61,61,0,35,1.016667,0.163934,10,51.800000,51.800000,51.800000,51.800000,0.000000,cpu,51.800000,51.800000,0.000000,0.000000,0,0,0,1
1790535476.000000,61,61,0,24,1.016667,0.163934,10,51.250000,51.250000,51.250000,51.250000,0.000000,cpu,51.250000,51.250000,0.000000,0.000000,0,0,0,1
1790535530.000000,61,61,0,34,1.016667,0.163934,10,51.250000,51.250000,51.250000,51.250000,0.000000,cpu,51.250000,51.250000,0.000000,0.000000,0,0,0,1
1790535599.000000,61,61,0,32,1.016667,0.163934,10,50.700000,50.700000,50.700000,50.700000,0.000000,cpu,50.700000,50.700000,0.000000,0.000000,0,0,0,1
1790536326.000000,61,61,0,50,1.016667,0.163934,10,50.700000,50.700000,50.700000,50.700000,0.000000,cpu,50.700000,50.700000,0.000000,0.000000,0,0,0,1
1790536426.000000,61,61,0,48,1.016667,0.163934,10,50.150000,50.150000,50.150000,50.150000,0.000000,cpu,50.150000,50.150000,0.000000,0.000000,0,0,0,1
1790536535.000000,61,61,0,28,1.016667,0.163934,10,49.600000,49.600000,49.600000,49.600000,0.000000,cpu,49.600000,49.600000,-0.000000,-0.000000,0,0,0,1
1790536613.000000,61,61,0,38,1.016667,0.163934,10,49.050000,49.050000,49.050000,49.050000,0.000000,cpu,49.050000,49.050000,-0.000000,-0.000000,0,0,0,1
1790536679.000000,61,61,0,40,1.016667,0.163934,10,49.600000,49.600000,49.600000,49.600000,0.000000,cpu,49.600000,49.600000,-0.000000,-0.000000,0,0,0,1
