timestamp_s,temperature_c,humidity_percent,pressure_hpa,source,has_humidity,has_pressure
1789193180.319197,40.342124,23.072423,982.758057,sense_hat,1,1
1789193180.425780,40.342124,23.240800,982.791016,sense_hat,1,1
1789193180.532280,40.342124,23.127403,982.802734,sense_hat,1,1
1789193180.638785,40.323699,23.172075,982.771484,sense_hat,1,1
1789193180.745296,40.360549,23.134276,982.723145,sense_hat,1,1
1789193180.851794,40.360549,23.044933,982.673828,sense_hat,1,1
1789193180.958290,40.305275,23.027751,982.715088,sense_hat,1,1
1789193181.064791,40.323699,23.316398,982.740967,sense_hat,1,1
1789193181.171292,40.342124,23.130839,982.794434,sense_hat,1,1
1789193181.277794,40.342124,23.079295,982.851074,sense_hat,1,1
1789193181.384292,40.305275,23.123967,982.793701,sense_hat,1,1
1789193181.490807,40.342124,23.051805,982.780762,sense_hat,1,1
1789193181.597308,40.323699,23.302653,982.838379,sense_hat,1,1
1789193181.703811,40.323699,23.251109,982.803467,sense_hat,1,1
1789193181.810309,40.323699,23.058678,982.767334,sense_hat,1,1
1789193181.916808,40.342124,23.161766,982.771729,sense_hat,1,1
1789193182.023315,40.360549,23.175511,982.791504,sense_hat,1,1
1789193182.129847,40.360549,22.965898,982.746338,sense_hat,1,1
1789193182.236464,40.342124,23.089604,982.697754,sense_hat,1,1
1789193182.342975,40.323699,23.233928,982.699951,sense_hat,1,1
1789193182.449475,40.378974,23.051805,982.801758,sense_hat,1,1
1789193182.555975,40.360549,23.144585,982.715332,sense_hat,1,1
1789193182.662476,40.342124,23.110222,982.820557,sense_hat,1,1
1789193182.768976,40.323699,23.158330,982.774658,sense_hat,1,1
1789193182.875484,40.378974,23.020879,982.805176,sense_hat,1,1
1789193182.981984,40.323699,22.972771,982.727539,sense_hat,1,1
1789193183.088488,40.323699,23.409178,982.781494,sense_hat,1,1
1789193183.194989,40.342124,23.106786,982.757324,sense_hat,1,1
1789193183.301530,40.323699,23.144585,982.823975,sense_hat,1,1
1789193183.408032,40.342124,23.106786,982.817871,sense_hat,1,1
1789193183.514537,40.323699,23.003697,982.752686,sense_hat,1,1
1789193183.621045,40.342124,23.144585,982.775635,sense_hat,1,1
1789193183.727550,40.323699,23.172075,982.749512,sense_hat,1,1
1789193183.834093,40.323699,22.989952,982.699707,sense_hat,1,1
1789193183.940640,40.342124,23.158330,982.785400,sense_hat,1,1
1789193184.047224,40.360549,23.110222,982.773193,sense_hat,1,1
1789193184.153730,40.342124,23.123967,982.682129,sense_hat,1,1
1789193184.260237,40.323699,22.934972,982.792725,sense_hat,1,1
1789193184.366751,40.305275,23.055241,982.778076,sense_hat,1,1
1789193184.473258,40.323699,23.127403,982.747559,sense_hat,1,1
1789193184.579765,40.342124,23.216746,982.740967,sense_hat,1,1
1789193184.686270,40.342124,22.993388,982.764893,sense_hat,1,1
1789193184.792780,40.360549,23.093040,982.759521,sense_hat,1,1
1789193184.899288,40.342124,23.178947,982.801758,sense_hat,1,1
1789193185.005795,40.360549,23.189256,982.708496,sense_hat,1,1
1789193185.112305,40.360549,23.172075,982.746826,sense_hat,1,1
1789193185.218824,40.342124,23.144585,982.718994,sense_hat,1,1
1789193185.325336,40.342124,23.154893,982.703613,sense_hat,1,1
1789193185.431866,40.342124,23.099913,982.774170,sense_hat,1,1
1789193185.538388,40.323699,23.172075,982.790283,sense_hat,1,1
1789193185.644918,40.323699,23.082732,982.804199,sense_hat,1,1
1789193185.751437,40.342124,23.079295,982.790039,sense_hat,1,1
1789193185.857971,40.342124,23.237364,982.774170,sense_hat,1,1
1789193185.964494,40.323699,23.192692,982.782471,sense_hat,1,1
1789193186.071017,40.342124,23.068987,982.736572,sense_hat,1,1
1789193186.177546,40.342124,23.075859,982.777588,sense_hat,1,1
1789193186.284082,40.323699,23.271727,982.732422,sense_hat,1,1
1789193186.390609,40.323699,23.099913,982.742676,sense_hat,1,1
1789193186.497134,40.323699,23.099913,982.729248,sense_hat,1,1
1789193186.603663,40.342124,23.137712,982.745117,sense_hat,1,1
1789193186.710196,40.342124,23.233928,982.745850,sense_hat,1,1
1789193186.816713,40.342124,23.041496,982.733398,sense_hat,1,1
1789193186.923239,40.360549,23.251109,982.778564,sense_hat,1,1
1789193187.029768,40.323699,23.199565,982.801514,sense_hat,1,1
1789193187.136306,40.305275,23.247673,982.740234,sense_hat,1,1
1789193187.242833,40.342124,23.326707,982.778320,sense_hat,1,1
1789193187.349367,40.323699,23.089604,982.811279,sense_hat,1,1
1789193187.455894,40.323699,23.110222,982.842773,sense_hat,1,1
1789193187.562427,40.342124,23.038060,982.770752,sense_hat,1,1
1789193187.668961,40.305275,23.326707,982.788818,sense_hat,1,1
1789193187.775491,40.360549,23.182384,982.791504,sense_hat,1,1
1789193187.882027,40.305275,23.010570,982.839600,sense_hat,1,1
1789193187.988565,40.286850,23.282036,982.829590,sense_hat,1,1
1789193188.095105,40.323699,23.165202,982.812744,sense_hat,1,1
1789193188.201675,40.305275,23.161766,982.750732,sense_hat,1,1
1789193188.308217,40.323699,23.123967,982.749756,sense_hat,1,1
1789193188.414762,40.323699,23.089604,982.776611,sense_hat,1,1
1789193188.521329,40.323699,23.165202,982.681396,sense_hat,1,1
1789193188.627858,40.323699,23.264854,982.760254,sense_hat,1,1
1789193188.734402,40.323699,23.117094,982.713867,sense_hat,1,1
1789193188.840930,40.323699,23.099913,982.717529,sense_hat,1,1
1789193188.947471,40.323699,23.086168,982.741455,sense_hat,1,1
1789193189.054018,40.305275,23.154893,982.811279,sense_hat,1,1
1789193189.160564,40.305275,23.106786,982.815430,sense_hat,1,1
1789193189.267112,40.305275,23.316398,982.769043,sense_hat,1,1
1789193189.373661,40.286850,23.058678,982.833740,sense_hat,1,1
1789193189.480209,40.286850,23.278599,982.796387,sense_hat,1,1
1789193189.586751,40.305275,23.182384,982.801025,sense_hat,1,1
1789193189.693296,40.305275,23.257982,982.802490,sense_hat,1,1
1789193189.799845,40.342124,23.134276,982.815918,sense_hat,1,1
1789193189.906397,40.323699,23.213310,982.816162,sense_hat,1,1
1789193190.012952,40.323699,23.154893,982.819336,sense_hat,1,1
1789193190.119503,40.305275,23.340452,982.861816,sense_hat,1,1
1789193190.226080,40.305275,23.216746,982.845947,sense_hat,1,1
1789193190.332625,40.342124,23.093040,982.806885,sense_hat,1,1
1789193190.439183,40.305275,23.285472,982.820801,sense_hat,1,1
1789193190.545749,40.342124,23.086168,982.816406,sense_hat,1,1
1789193190.652310,40.305275,23.058678,982.782227,sense_hat,1,1
1789193190.758858,40.323699,23.357634,982.788330,sense_hat,1,1
1789193190.865415,40.286850,23.137712,982.863281,sense_hat,1,1
1789193190.971976,40.286850,22.962462,982.776611,sense_hat,1,1
1789193191.078521,40.342124,23.199565,982.779297,sense_hat,1,1
1789193191.185027,40.305275,23.230492,982.860596,sense_hat,1,1
1789193191.291522,40.342124,23.333580,982.818115,sense_hat,1,1
1789193191.398018,40.305275,23.137712,982.803955,sense_hat,1,1
1789193191.504510,40.323699,23.158330,982.822998,sense_hat,1,1
1789193191.611009,40.323699,23.093040,982.830566,sense_hat,1,1
1789193191.717513,40.305275,23.062114,982.813232,sense_hat,1,1
1789193191.824010,40.305275,23.244237,982.781494,sense_hat,1,1
1789193191.930552,40.305275,23.206438,982.796387,sense_hat,1,1
1789193192.037115,40.286850,23.247673,982.802002,sense_hat,1,1
1789193192.143666,40.286850,23.041496,982.807373,sense_hat,1,1
1789193192.250226,40.305275,23.120531,982.766846,sense_hat,1,1
1789193192.356790,40.305275,23.175511,982.778076,sense_hat,1,1
1789193192.463342,40.305275,23.285472,982.775635,sense_hat,1,1
1789193192.569934,40.323699,23.271727,982.757568,sense_hat,1,1
1789193192.676529,40.305275,23.144585,982.770996,sense_hat,1,1
1789193192.783078,40.323699,23.120531,982.766846,sense_hat,1,1
1789193192.889629,40.323699,23.120531,982.765625,sense_hat,1,1
1789193192.996225,40.305275,23.141148,982.786621,sense_hat,1,1
1789193193.102825,40.286850,23.261418,982.800537,sense_hat,1,1
1789193193.209392,40.286850,23.268291,982.838379,sense_hat,1,1
1789193193.315948,40.286850,23.216746,982.819580,sense_hat,1,1
1789193193.422485,40.286850,23.257982,982.725830,sense_hat,1,1
1789193193.529045,40.286850,23.302653,982.711670,sense_hat,1,1
1789193193.635614,40.286850,23.350761,982.748291,sense_hat,1,1
1789193193.742162,40.286850,23.216746,982.804443,sense_hat,1,1
1789193193.848694,40.323699,23.175511,982.698242,sense_hat,1,1
1789193193.955265,40.342124,23.292344,982.829102,sense_hat,1,1
1789193194.061846,40.286850,23.299217,982.810791,sense_hat,1,1
1789193194.168396,40.305275,23.220183,982.793457,sense_hat,1,1
1789193194.274937,40.305275,23.151457,982.796631,sense_hat,1,1
1789193194.381480,40.286850,23.196129,982.837646,sense_hat,1,1
1789193194.488020,40.305275,23.137712,982.789551,sense_hat,1,1
1789193194.594580,40.286850,23.141148,982.786865,sense_hat,1,1
1789193194.701110,40.323699,23.148021,982.809570,sense_hat,1,1
1789193194.807651,40.286850,23.130839,982.829590,sense_hat,1,1
1789193194.914198,40.286850,23.302653,982.801025,sense_hat,1,1
1789193195.020740,40.305275,23.178947,982.789795,sense_hat,1,1
1789193195.127281,40.305275,23.185820,982.794922,sense_hat,1,1
1789193195.233819,40.305275,23.209874,982.774414,sense_hat,1,1
1789193195.340349,40.286850,23.196129,982.916260,sense_hat,1,1
1789193195.446888,40.305275,23.148021,982.844971,sense_hat,1,1
1789193195.553435,40.286850,23.244237,982.784424,sense_hat,1,1
1789193195.659981,40.268425,23.237364,982.747559,sense_hat,1,1
1789193195.766525,40.286850,23.347325,982.836426,sense_hat,1,1
1789193195.873077,40.286850,23.079295,982.736816,sense_hat,1,1
1789193195.979613,40.323699,23.093040,982.821533,sense_hat,1,1
1789193196.086155,40.268425,23.247673,982.765869,sense_hat,1,1
1789193196.192696,40.323699,23.144585,982.803711,sense_hat,1,1
1789193196.299239,40.305275,23.309526,982.805908,sense_hat,1,1
1789193196.405780,40.286850,23.165202,982.791016,sense_hat,1,1
1789193196.512318,40.305275,23.220183,982.788330,sense_hat,1,1
1789193196.618861,40.286850,23.065550,982.747314,sense_hat,1,1
1789193196.725399,40.323699,23.178947,982.787354,sense_hat,1,1
1789193196.831923,40.323699,23.103349,982.795410,sense_hat,1,1
1789193196.938518,40.268425,23.185820,982.746826,sense_hat,1,1
1789193197.045147,40.286850,23.254545,982.825928,sense_hat,1,1
1789193197.151749,40.286850,23.312962,982.754150,sense_hat,1,1
1789193197.258294,40.305275,23.282036,982.803955,sense_hat,1,1
1789193197.364844,40.305275,23.319835,982.802490,sense_hat,1,1
1789193197.471385,40.305275,23.062114,982.795166,sense_hat,1,1
1789193197.577931,40.250000,23.261418,982.808594,sense_hat,1,1
1789193197.684475,40.305275,23.086168,982.863525,sense_hat,1,1
1789193197.791017,40.286850,23.213310,982.772949,sense_hat,1,1
1789193197.897552,40.286850,23.247673,982.736084,sense_hat,1,1
1789193198.004093,40.305275,23.110222,982.748779,sense_hat,1,1
1789193198.110636,40.268425,23.141148,982.719238,sense_hat,1,1
1789193198.217185,40.305275,23.068987,982.732910,sense_hat,1,1
1789193198.323725,40.305275,23.233928,982.706543,sense_hat,1,1
1789193198.430268,40.268425,23.209874,982.709961,sense_hat,1,1
1789193198.536832,40.305275,23.240800,982.714844,sense_hat,1,1
1789193198.643399,40.286850,23.220183,982.745850,sense_hat,1,1
1789193198.749976,40.305275,23.264854,982.811523,sense_hat,1,1
1789193198.856584,40.305275,22.972771,982.780762,sense_hat,1,1
1789193198.963180,40.268425,23.158330,982.750488,sense_hat,1,1
1789193199.069724,40.305275,23.168639,982.809082,sense_hat,1,1
1789193199.176264,40.268425,23.309526,982.766357,sense_hat,1,1
1789193199.282812,40.286850,23.062114,982.832764,sense_hat,1,1
1789193199.389355,40.286850,23.024315,982.891113,sense_hat,1,1
1789193199.495896,40.268425,23.075859,982.778320,sense_hat,1,1
1789193199.602462,40.268425,23.278599,982.821045,sense_hat,1,1
1789193199.709008,40.268425,22.972771,982.772461,sense_hat,1,1
1789193199.815549,40.305275,23.340452,982.760498,sense_hat,1,1
1789193199.922091,40.286850,23.196129,982.776367,sense_hat,1,1
1789193200.028634,40.268425,23.326707,982.744629,sense_hat,1,1
1789193200.135178,40.286850,23.172075,982.770264,sense_hat,1,1
1789193200.241720,40.268425,23.154893,982.804199,sense_hat,1,1
1789193200.348278,40.286850,23.144585,982.778320,sense_hat,1,1
1789193200.454865,40.305275,23.178947,982.842041,sense_hat,1,1
1789193200.561434,40.305275,23.302653,982.787354,sense_hat,1,1
1789193200.668000,40.250000,23.247673,982.745605,sense_hat,1,1
1789193200.774557,40.286850,23.144585,982.776123,sense_hat,1,1
1789193200.881082,40.268425,23.106786,982.723145,sense_hat,1,1
1789193200.987600,40.250000,23.154893,982.702148,sense_hat,1,1
1789193201.094117,40.268425,23.251109,982.704590,sense_hat,1,1
1789193201.200632,40.268425,23.113658,982.769775,sense_hat,1,1
1789193201.307141,40.268425,23.038060,982.760498,sense_hat,1,1
1789193201.413652,40.305275,23.068987,982.807617,sense_hat,1,1
1789193201.520166,40.286850,23.178947,982.735840,sense_hat,1,1
1789193201.626679,40.286850,23.113658,982.687988,sense_hat,1,1
1789193201.733206,40.286850,23.161766,982.765381,sense_hat,1,1
1789193201.839730,40.268425,23.113658,982.761475,sense_hat,1,1
1789193201.946258,40.268425,23.233928,982.711914,sense_hat,1,1
1789193202.052786,40.268425,23.288908,982.826416,sense_hat,1,1
1789193202.159332,40.305275,23.244237,982.772705,sense_hat,1,1
1789193202.265868,40.286850,23.072423,982.865967,sense_hat,1,1
1789193202.372424,40.305275,23.333580,982.755371,sense_hat,1,1
1789193202.479011,40.286850,23.247673,982.805664,sense_hat,1,1
1789193202.585587,40.268425,23.189256,982.776367,sense_hat,1,1
1789193202.692109,40.305275,23.278599,982.833252,sense_hat,1,1
1789193202.798625,40.286850,23.103349,982.771484,sense_hat,1,1
1789193202.905150,40.286850,23.158330,982.799561,sense_hat,1,1
1789193203.011674,40.250000,23.395433,982.814941,sense_hat,1,1
1789193203.118204,40.268425,23.086168,982.777588,sense_hat,1,1
1789193203.224736,40.231575,23.007134,982.755859,sense_hat,1,1
1789193203.331263,40.250000,23.306090,982.721680,sense_hat,1,1
1789193203.437786,40.268425,23.158330,982.711914,sense_hat,1,1
1789193203.544317,40.268425,23.323271,982.749023,sense_hat,1,1
1789193203.650848,40.268425,23.223619,982.765381,sense_hat,1,1
1789193203.757376,40.268425,23.192692,982.782227,sense_hat,1,1
1789193203.863921,40.305275,23.247673,982.757812,sense_hat,1,1
1789193203.970446,40.250000,23.178947,982.818848,sense_hat,1,1
1789193204.076952,40.286850,23.233928,982.799805,sense_hat,1,1
1789193204.183470,40.286850,23.182384,982.817627,sense_hat,1,1
1789193204.290013,40.268425,23.251109,982.776855,sense_hat,1,1
1789193204.396560,40.268425,23.165202,982.827148,sense_hat,1,1
1789193204.503112,40.286850,23.240800,982.845459,sense_hat,1,1
1789193204.609637,40.268425,23.343889,982.813721,sense_hat,1,1
1789193204.716188,40.250000,23.089604,982.781250,sense_hat,1,1
1789193204.822729,40.268425,23.062114,982.793945,sense_hat,1,1
1789193204.929280,40.268425,23.137712,982.828125,sense_hat,1,1
1789193205.035837,40.268425,23.137712,982.833008,sense_hat,1,1
1789193205.142381,40.286850,23.309526,982.804443,sense_hat,1,1
1789193205.248922,40.250000,23.206438,982.798828,sense_hat,1,1
1789193205.355433,40.268425,23.062114,982.730713,sense_hat,1,1
1789193205.461978,40.286850,23.127403,982.698975,sense_hat,1,1
1789193205.568530,40.250000,23.158330,982.733154,sense_hat,1,1
1789193205.675046,40.250000,23.058678,982.829590,sense_hat,1,1
1789193205.781554,40.268425,23.261418,982.798096,sense_hat,1,1
1789193205.888104,40.268425,23.257982,982.808105,sense_hat,1,1
1789193205.994673,40.250000,23.223619,982.785400,sense_hat,1,1
1789193206.101216,40.286850,23.227055,982.808594,sense_hat,1,1
1789193206.207752,40.268425,23.333580,982.723877,sense_hat,1,1
1789193206.314262,40.268425,23.093040,982.752686,sense_hat,1,1
1789193206.420775,40.286850,23.062114,982.698975,sense_hat,1,1
1789193206.527329,40.250000,23.391997,982.758789,sense_hat,1,1
1789193206.633875,40.268425,23.144585,982.757568,sense_hat,1,1
1789193206.740392,40.286850,23.209874,982.801025,sense_hat,1,1
1789193206.846896,40.250000,23.099913,982.761475,sense_hat,1,1
1789193206.953412,40.268425,23.178947,982.802490,sense_hat,1,1
1789193207.059955,40.250000,23.361070,982.852539,sense_hat,1,1
1789193207.166495,40.268425,23.251109,982.821777,sense_hat,1,1
1789193207.273031,40.250000,23.182384,982.771240,sense_hat,1,1
1789193207.379543,40.231575,23.213310,982.762207,sense_hat,1,1
1789193207.486105,40.286850,23.223619,982.793213,sense_hat,1,1
1789193207.592660,40.231575,23.137712,982.798096,sense_hat,1,1
1789193207.699171,40.268425,23.292344,982.774414,sense_hat,1,1
1789193207.805686,40.268425,23.330144,982.780273,sense_hat,1,1
1789193207.912250,40.286850,23.326707,982.773682,sense_hat,1,1
1789193208.018783,40.268425,23.402305,982.835938,sense_hat,1,1
1789193208.125325,40.268425,23.261418,982.748291,sense_hat,1,1
1789193208.231859,40.268425,23.306090,982.780518,sense_hat,1,1
1789193208.338365,40.268425,23.316398,982.718506,sense_hat,1,1
1789193208.444919,40.286850,23.182384,982.798096,sense_hat,1,1
1789193208.551469,40.268425,23.268291,982.783936,sense_hat,1,1
1789193208.658015,40.250000,23.216746,982.789795,sense_hat,1,1
1789193208.764553,40.268425,23.185820,982.801514,sense_hat,1,1
1789193208.871085,40.250000,23.264854,982.798828,sense_hat,1,1
1789193208.977636,40.268425,23.203001,982.854492,sense_hat,1,1
1789193209.084177,40.286850,23.264854,982.772217,sense_hat,1,1
1789193209.190713,40.268425,23.244237,982.827637,sense_hat,1,1
1789193209.297245,40.305275,23.199565,982.825928,sense_hat,1,1
1789193209.403788,40.268425,23.261418,982.780029,sense_hat,1,1
1789193209.510358,40.305275,23.196129,982.819092,sense_hat,1,1
1789193209.616890,40.231575,23.275163,982.743408,sense_hat,1,1
1789193209.723439,40.268425,23.309526,982.756104,sense_hat,1,1
1789193209.829979,40.268425,23.282036,982.750732,sense_hat,1,1
1789193209.936518,40.268425,23.175511,982.733887,sense_hat,1,1
1789193210.043054,40.305275,23.257982,982.698242,sense_hat,1,1
1789193210.149594,40.286850,23.192692,982.820068,sense_hat,1,1
1789193210.256102,40.286850,23.182384,982.808594,sense_hat,1,1
1789193210.362606,40.286850,23.158330,982.808838,sense_hat,1,1
1789193210.469150,40.268425,23.196129,982.769531,sense_hat,1,1
1789193210.575733,40.250000,23.309526,982.819824,sense_hat,1,1
1789193210.682281,40.231575,23.233928,982.840332,sense_hat,1,1
1789193210.788861,40.268425,23.257982,982.780273,sense_hat,1,1
1789193210.895442,40.268425,23.137712,982.777588,sense_hat,1,1
1789193211.002011,40.268425,23.237364,982.849121,sense_hat,1,1
1789193211.108588,40.268425,23.233928,982.777344,sense_hat,1,1
1789193211.215136,40.250000,23.292344,982.849609,sense_hat,1,1
1789193211.321719,40.268425,23.123967,982.847900,sense_hat,1,1
1789193211.428271,40.286850,23.233928,982.789062,sense_hat,1,1
1789193211.534862,40.286850,23.257982,982.774170,sense_hat,1,1
1789193211.641455,40.268425,23.251109,982.799072,sense_hat,1,1
1789193211.748030,40.286850,23.340452,982.803223,sense_hat,1,1
1789193211.854584,40.286850,23.230492,982.807373,sense_hat,1,1
1789193211.961164,40.286850,23.251109,982.794922,sense_hat,1,1
1789193212.067755,40.250000,23.158330,982.819824,sense_hat,1,1
1789193212.174306,40.268425,23.196129,982.785889,sense_hat,1,1
1789193212.280889,40.268425,23.230492,982.793701,sense_hat,1,1
1789193212.387465,40.268425,23.326707,982.782715,sense_hat,1,1
1789193212.494047,40.286850,23.271727,982.701904,sense_hat,1,1
1789193212.600638,40.286850,23.237364,982.733887,sense_hat,1,1
1789193212.707218,40.286850,23.178947,982.735107,sense_hat,1,1
1789193212.813807,40.268425,23.137712,982.809326,sense_hat,1,1
1789193212.920400,40.268425,23.271727,982.802246,sense_hat,1,1
1789193213.026981,40.268425,23.165202,982.818359,sense_hat,1,1
1789193213.133522,40.231575,23.261418,982.834717,sense_hat,1,1
1789193213.240104,40.268425,23.206438,982.805420,sense_hat,1,1
1789193213.346659,40.286850,23.233928,982.820801,sense_hat,1,1
1789193213.453240,40.305275,23.333580,982.837891,sense_hat,1,1
1789193213.559827,40.268425,23.361070,982.819580,sense_hat,1,1
1789193213.666383,40.250000,23.364506,982.776123,sense_hat,1,1
1789193213.772937,40.286850,23.343889,982.834961,sense_hat,1,1
1789193213.879491,40.286850,23.127403,982.735840,sense_hat,1,1
1789193213.986071,40.286850,23.192692,982.791016,sense_hat,1,1
1789193214.092659,40.305275,23.199565,982.810547,sense_hat,1,1
1789193214.199223,40.286850,23.402305,982.691406,sense_hat,1,1
1789193214.305805,40.286850,23.299217,982.765869,sense_hat,1,1
1789193214.412407,40.286850,23.312962,982.686279,sense_hat,1,1
1789193214.518986,40.250000,23.093040,982.755371,sense_hat,1,1
1789193214.625528,40.305275,23.312962,982.814209,sense_hat,1,1
1789193214.732104,40.268425,23.323271,982.825928,sense_hat,1,1
1789193214.838732,40.286850,23.220183,982.752686,sense_hat,1,1
1789193214.945298,40.286850,23.247673,982.794434,sense_hat,1,1
1789193215.051853,40.250000,23.165202,982.788574,sense_hat,1,1
1789193215.158464,40.268425,23.165202,982.850342,sense_hat,1,1
1789193215.265106,40.268425,23.268291,982.794922,sense_hat,1,1
1789193215.371704,40.268425,23.264854,982.774658,sense_hat,1,1
1789193215.478253,40.286850,23.172075,982.786621,sense_hat,1,1
1789193215.584831,40.268425,23.347325,982.788818,sense_hat,1,1
1789193215.691403,40.250000,23.051805,982.831787,sense_hat,1,1
1789193215.797980,40.286850,23.440104,982.757080,sense_hat,1,1
1789193215.904555,40.268425,23.209874,982.794922,sense_hat,1,1
1789193216.011103,40.286850,23.261418,982.737549,sense_hat,1,1
1789193216.117688,40.286850,23.347325,982.757568,sense_hat,1,1
1789193216.224265,40.305275,23.319835,982.801514,sense_hat,1,1
1789193216.330794,40.286850,23.227055,982.749268,sense_hat,1,1
1789193216.437338,40.286850,23.350761,982.751709,sense_hat,1,1
1789193216.543882,40.268425,23.288908,982.810791,sense_hat,1,1
1789193216.650462,40.305275,23.106786,982.823975,sense_hat,1,1
1789193216.757035,40.250000,23.182384,982.846924,sense_hat,1,1
1789193216.863574,40.286850,23.240800,982.779785,sense_hat,1,1
1789193216.970182,40.268425,23.120531,982.744629,sense_hat,1,1
1789193217.076810,40.305275,23.395433,982.800781,sense_hat,1,1
1789193217.183396,40.305275,23.309526,982.809082,sense_hat,1,1
1789193217.289928,40.286850,23.237364,982.820801,sense_hat,1,1
1789193217.396464,40.286850,23.391997,982.818848,sense_hat,1,1
1789193217.502994,40.286850,23.189256,982.773193,sense_hat,1,1
1789193217.609531,40.305275,23.337016,982.828369,sense_hat,1,1
1789193217.716073,40.286850,23.316398,982.767578,sense_hat,1,1
1789193217.822610,40.305275,23.464158,982.775879,sense_hat,1,1
1789193217.929146,40.286850,23.333580,982.815918,sense_hat,1,1
1789193218.035677,40.268425,23.240800,982.797363,sense_hat,1,1
1789193218.142214,40.286850,23.230492,982.808350,sense_hat,1,1
1789193218.248757,40.305275,23.192692,982.798828,sense_hat,1,1
1789193218.355313,40.305275,23.165202,982.785889,sense_hat,1,1
1789193218.461852,40.286850,23.206438,982.793945,sense_hat,1,1
1789193218.568395,40.305275,23.271727,982.746582,sense_hat,1,1
1789193218.674940,40.286850,23.367943,982.806152,sense_hat,1,1
1789193218.781479,40.342124,23.144585,982.749756,sense_hat,1,1
1789193218.888021,40.305275,23.330144,982.810547,sense_hat,1,1
1789193218.994579,40.342124,23.227055,982.783691,sense_hat,1,1
1789193219.101190,40.286850,23.182384,982.801270,sense_hat,1,1
1789193219.207813,40.305275,23.361070,982.809570,sense_hat,1,1
1789193219.314407,40.286850,23.302653,982.812256,sense_hat,1,1
1789193219.420948,40.323699,23.402305,982.806885,sense_hat,1,1
1789193219.527487,40.305275,23.416050,982.761963,sense_hat,1,1
1789193219.634029,40.268425,23.450413,982.844482,sense_hat,1,1
1789193219.740561,40.305275,23.196129,982.806641,sense_hat,1,1
1789193219.847105,40.286850,23.316398,982.778564,sense_hat,1,1
1789193219.953642,40.286850,23.340452,982.775635,sense_hat,1,1
1789193220.060179,40.286850,23.227055,982.762207,sense_hat,1,1
1789193220.166714,40.305275,23.385124,982.809326,sense_hat,1,1
1789193220.273302,40.305275,23.093040,982.801025,sense_hat,1,1
1789193220.379881,40.268425,23.374815,982.821045,sense_hat,1,1
1789193220.486480,40.286850,23.347325,982.804443,sense_hat,1,1
1789193220.593081,40.305275,23.213310,982.812256,sense_hat,1,1
1789193220.699629,40.286850,23.405742,982.772705,sense_hat,1,1
1789193220.806222,40.286850,23.347325,982.774658,sense_hat,1,1
1789193220.912824,40.286850,23.151457,982.794189,sense_hat,1,1
1789193221.019422,40.268425,23.422923,982.796631,sense_hat,1,1
1789193221.126020,40.268425,23.319835,982.792236,sense_hat,1,1
1789193221.232610,40.268425,23.223619,982.850830,sense_hat,1,1
1789193221.339223,40.286850,23.471031,982.815674,sense_hat,1,1
1789193221.445828,40.305275,23.412614,982.810059,sense_hat,1,1
1789193221.552401,40.305275,23.141148,982.806396,sense_hat,1,1
1789193221.659004,40.305275,23.316398,982.768555,sense_hat,1,1
1789193221.765621,40.286850,23.075859,982.805176,sense_hat,1,1
1789193221.872194,40.250000,23.337016,982.804443,sense_hat,1,1
1789193221.978819,40.286850,23.209874,982.781006,sense_hat,1,1
1789193222.085424,40.286850,23.450413,982.757568,sense_hat,1,1
1789193222.191952,40.268425,23.206438,982.813965,sense_hat,1,1
1789193222.298524,40.305275,23.312962,982.796875,sense_hat,1,1
1789193222.405096,40.323699,23.123967,982.808594,sense_hat,1,1
1789193222.511667,40.305275,23.405742,982.829590,sense_hat,1,1
1789193222.618247,40.323699,23.312962,982.821777,sense_hat,1,1
1789193222.724843,40.286850,23.337016,982.833252,sense_hat,1,1
1789193222.831374,40.323699,23.282036,982.808594,sense_hat,1,1
1789193222.937948,40.286850,23.285472,982.806152,sense_hat,1,1
1789193223.044521,40.305275,23.223619,982.767334,sense_hat,1,1
1789193223.151093,40.286850,23.216746,982.833740,sense_hat,1,1
1789193223.257682,40.286850,23.268291,982.776367,sense_hat,1,1
1789193223.364221,40.323699,23.354197,982.806885,sense_hat,1,1
1789193223.470819,40.268425,23.302653,982.808105,sense_hat,1,1
1789193223.577402,40.305275,23.364506,982.799805,sense_hat,1,1
1789193223.683978,40.286850,23.216746,982.872803,sense_hat,1,1
1789193223.790528,40.286850,23.278599,982.822510,sense_hat,1,1
1789193223.897146,40.268425,23.268291,982.779785,sense_hat,1,1
1789193224.003755,40.286850,23.299217,982.772705,sense_hat,1,1
1789193224.110350,40.268425,23.433232,982.797363,sense_hat,1,1
1789193224.216956,40.286850,23.196129,982.772705,sense_hat,1,1
1789193224.323496,40.323699,23.391997,982.806641,sense_hat,1,1
1789193224.430067,40.268425,23.391997,982.745361,sense_hat,1,1
1789193224.536639,40.268425,23.323271,982.792725,sense_hat,1,1
1789193224.643211,40.286850,23.203001,982.758789,sense_hat,1,1
1789193224.749798,40.268425,23.278599,982.845947,sense_hat,1,1
1789193224.856334,40.286850,23.306090,982.740234,sense_hat,1,1
1789193224.962909,40.323699,23.244237,982.731201,sense_hat,1,1
1789193225.069484,40.286850,23.209874,982.723877,sense_hat,1,1
1789193225.176075,40.286850,23.240800,982.725342,sense_hat,1,1
1789193225.282608,40.286850,23.333580,982.802246,sense_hat,1,1
1789193225.389185,40.305275,23.240800,982.797119,sense_hat,1,1
1789193225.495789,40.286850,23.247673,982.798584,sense_hat,1,1
1789193225.602422,40.305275,23.484776,982.825928,sense_hat,1,1
1789193225.708953,40.305275,23.429796,982.807129,sense_hat,1,1
1789193225.815527,40.268425,23.350761,982.774902,sense_hat,1,1
1789193225.922145,40.305275,23.268291,982.762695,sense_hat,1,1
1789193226.028757,40.268425,23.261418,982.824219,sense_hat,1,1
1789193226.135376,40.305275,23.185820,982.791016,sense_hat,1,1
1789193226.241974,40.286850,23.230492,982.777832,sense_hat,1,1
1789193226.348570,40.305275,23.391997,982.824707,sense_hat,1,1
1789193226.455096,40.305275,23.419487,982.671875,sense_hat,1,1
1789193226.561682,40.286850,23.185820,982.707031,sense_hat,1,1
1789193226.668254,40.305275,23.099913,982.741699,sense_hat,1,1
1789193226.774830,40.305275,23.529448,982.701416,sense_hat,1,1
1789193226.881399,40.323699,23.374815,982.749756,sense_hat,1,1
1789193226.987971,40.305275,23.199565,982.759277,sense_hat,1,1
1789193227.094547,40.286850,23.282036,982.716797,sense_hat,1,1
1789193227.201117,40.305275,23.172075,982.738770,sense_hat,1,1
1789193227.307713,40.305275,23.220183,982.739746,sense_hat,1,1
1789193227.414243,40.342124,23.240800,982.705566,sense_hat,1,1
1789193227.520817,40.305275,23.354197,982.733643,sense_hat,1,1
1789193227.627409,40.286850,23.340452,982.760498,sense_hat,1,1
1789193227.733941,40.305275,23.199565,982.700684,sense_hat,1,1
1789193227.840515,40.305275,23.371379,982.800293,sense_hat,1,1
1789193227.947106,40.286850,23.254545,982.757568,sense_hat,1,1
1789193228.053737,40.286850,23.099913,982.696777,sense_hat,1,1
1789193228.160329,40.250000,23.357634,982.688232,sense_hat,1,1
1789193228.266855,40.305275,23.209874,982.714111,sense_hat,1,1
1789193228.373426,40.286850,23.488212,982.770508,sense_hat,1,1
1789193228.479995,40.305275,23.165202,982.757568,sense_hat,1,1
1789193228.586568,40.286850,23.326707,982.785889,sense_hat,1,1
1789193228.693146,40.305275,23.312962,982.789062,sense_hat,1,1
1789193228.799731,40.268425,23.251109,982.800537,sense_hat,1,1
1789193228.906257,40.305275,23.330144,982.730469,sense_hat,1,1
1789193229.012836,40.305275,23.288908,982.788330,sense_hat,1,1
1789193229.119408,40.305275,23.354197,982.770020,sense_hat,1,1
1789193229.225995,40.360549,23.240800,982.778076,sense_hat,1,1
1789193229.332570,40.305275,23.295781,982.764404,sense_hat,1,1
1789193229.439178,40.286850,23.278599,982.826904,sense_hat,1,1
1789193229.545702,40.268425,23.330144,982.763428,sense_hat,1,1
1789193229.652275,40.323699,23.350761,982.801270,sense_hat,1,1
1789193229.758865,40.268425,23.388560,982.797119,sense_hat,1,1
1789193229.865457,40.305275,23.457286,982.787842,sense_hat,1,1
1789193229.972071,40.286850,23.172075,982.760010,sense_hat,1,1
1789193230.078698,40.268425,23.295781,982.818359,sense_hat,1,1
1789193230.185255,40.360549,23.381688,982.751465,sense_hat,1,1
1789193230.291814,40.323699,23.443541,982.811768,sense_hat,1,1
1789193230.398376,40.268425,23.261418,982.787598,sense_hat,1,1
1789193230.504938,40.268425,23.254545,982.788330,sense_hat,1,1
1789193230.611505,40.305275,23.378251,982.885498,sense_hat,1,1
1789193230.718069,40.286850,23.257982,982.795898,sense_hat,1,1
1789193230.824631,40.286850,23.422923,982.787354,sense_hat,1,1
1789193230.931214,40.305275,23.436668,982.798828,sense_hat,1,1
1789193231.037779,40.305275,23.529448,982.829102,sense_hat,1,1
1789193231.144346,40.305275,23.178947,982.815674,sense_hat,1,1
1789193231.250910,40.250000,23.367943,982.831299,sense_hat,1,1
1789193231.357479,40.286850,23.367943,982.775391,sense_hat,1,1
1789193231.464047,40.342124,23.230492,982.805176,sense_hat,1,1
1789193231.570608,40.305275,23.354197,982.825439,sense_hat,1,1
1789193231.677171,40.268425,23.268291,982.823730,sense_hat,1,1
1789193231.783741,40.323699,23.498521,982.793701,sense_hat,1,1
1789193231.890294,40.323699,23.381688,982.753662,sense_hat,1,1
1789193231.996858,40.323699,23.178947,982.815186,sense_hat,1,1
1789193232.103425,40.323699,23.268291,982.806641,sense_hat,1,1
1789193232.209991,40.305275,23.151457,982.755371,sense_hat,1,1
1789193232.316557,40.342124,23.395433,982.808594,sense_hat,1,1
1789193232.423110,40.342124,23.223619,982.789307,sense_hat,1,1
1789193232.529677,40.305275,23.292344,982.766113,sense_hat,1,1
1789193232.636244,40.323699,23.453849,982.786865,sense_hat,1,1
1789193232.742813,40.305275,23.381688,982.795898,sense_hat,1,1
1789193232.849378,40.360549,23.488212,982.794434,sense_hat,1,1
1789193232.955942,40.342124,23.395433,982.745117,sense_hat,1,1
1789193233.062507,40.323699,23.244237,982.813477,sense_hat,1,1
1789193233.169076,40.286850,23.268291,982.810059,sense_hat,1,1
1789193233.275641,40.323699,23.192692,982.825928,sense_hat,1,1
1789193233.382201,40.323699,23.264854,982.789307,sense_hat,1,1
1789193233.488764,40.305275,23.433232,982.782227,sense_hat,1,1
1789193233.595326,40.323699,23.237364,982.794434,sense_hat,1,1
1789193233.701890,40.305275,23.168639,982.771973,sense_hat,1,1
1789193233.808446,40.305275,23.474467,982.780518,sense_hat,1,1
1789193233.915003,40.323699,23.416050,982.741699,sense_hat,1,1
1789193234.021568,40.286850,23.343889,982.795654,sense_hat,1,1
1789193234.128130,40.323699,23.426359,982.769775,sense_hat,1,1
1789193234.234692,40.286850,23.361070,982.757812,sense_hat,1,1
1789193234.341255,40.286850,23.282036,982.769775,sense_hat,1,1
1789193234.447818,40.323699,23.409178,982.737061,sense_hat,1,1
1789193234.554379,40.305275,23.398869,982.762451,sense_hat,1,1
1789193234.660945,40.286850,23.209874,982.789062,sense_hat,1,1
1789193234.767498,40.305275,23.199565,982.828857,sense_hat,1,1
1789193234.874039,40.305275,23.488212,982.814697,sense_hat,1,1
1789193234.980631,40.323699,23.295781,982.765381,sense_hat,1,1
1789193235.087224,40.305275,23.316398,982.777344,sense_hat,1,1
1789193235.193788,40.286850,23.371379,982.751953,sense_hat,1,1
1789193235.300352,40.286850,23.354197,982.822266,sense_hat,1,1
1789193235.406912,40.305275,23.209874,982.747559,sense_hat,1,1
1789193235.513474,40.305275,23.299217,982.736328,sense_hat,1,1
1789193235.620057,40.286850,23.374815,982.723633,sense_hat,1,1
1789193235.726614,40.323699,23.295781,982.778076,sense_hat,1,1
1789193235.833180,40.305275,23.299217,982.720459,sense_hat,1,1
1789193235.939744,40.286850,23.330144,982.700928,sense_hat,1,1
1789193236.046309,40.286850,23.237364,982.853516,sense_hat,1,1
1789193236.152874,40.305275,23.333580,982.729248,sense_hat,1,1
1789193236.259432,40.305275,23.367943,982.748779,sense_hat,1,1
1789193236.366001,40.342124,23.364506,982.786133,sense_hat,1,1
1789193236.472566,40.342124,23.395433,982.759033,sense_hat,1,1
1789193236.579129,40.305275,23.213310,982.792969,sense_hat,1,1
1789193236.685684,40.305275,23.216746,982.789551,sense_hat,1,1
1789193236.792248,40.305275,23.233928,982.735596,sense_hat,1,1
1789193236.898821,40.342124,23.364506,982.802734,sense_hat,1,1
1789193237.005378,40.305275,23.275163,982.817139,sense_hat,1,1
1789193237.111943,40.286850,23.388560,982.771973,sense_hat,1,1
1789193237.218508,40.268425,23.395433,982.757324,sense_hat,1,1
1789193237.325077,40.305275,23.168639,982.822510,sense_hat,1,1
1789193237.431628,40.268425,23.199565,982.781494,sense_hat,1,1
1789193237.538204,40.305275,23.220183,982.777344,sense_hat,1,1
1789193237.644794,40.305275,23.220183,982.725342,sense_hat,1,1
1789193237.751356,40.305275,23.312962,982.751709,sense_hat,1,1
1789193237.857926,40.323699,23.374815,982.752930,sense_hat,1,1
1789193237.964493,40.323699,23.343889,982.735107,sense_hat,1,1
1789193238.071055,40.286850,23.285472,982.734863,sense_hat,1,1
1789193238.177623,40.323699,23.237364,982.765625,sense_hat,1,1
1789193238.284186,40.323699,23.409178,982.744873,sense_hat,1,1
1789193238.390730,40.305275,23.319835,982.775879,sense_hat,1,1
1789193238.497281,40.286850,23.391997,982.733154,sense_hat,1,1
1789193238.603828,40.342124,23.371379,982.757080,sense_hat,1,1
1789193238.710358,40.323699,23.343889,982.779785,sense_hat,1,1
1789193238.816887,40.323699,23.288908,982.776367,sense_hat,1,1
1789193238.923406,40.342124,23.395433,982.809814,sense_hat,1,1
1789193239.029920,40.323699,23.340452,982.755859,sense_hat,1,1
1789193239.136466,40.286850,23.213310,982.799072,sense_hat,1,1
1789193239.243007,40.323699,23.416050,982.746582,sense_hat,1,1
1789193239.349522,40.286850,23.354197,982.816895,sense_hat,1,1
1789193239.456038,40.305275,23.350761,982.773682,sense_hat,1,1
1789193239.562551,40.305275,23.433232,982.775146,sense_hat,1,1
1789193239.669070,40.342124,23.364506,982.750977,sense_hat,1,1
1789193239.775578,40.323699,23.361070,982.744873,sense_hat,1,1
1789193239.882087,40.360549,23.440104,982.770264,sense_hat,1,1
1789193239.988598,40.305275,23.391997,982.761475,sense_hat,1,1
1789193240.095136,40.305275,23.203001,982.772949,sense_hat,1,1
1789193240.201690,40.305275,23.251109,982.733887,sense_hat,1,1
1789193240.308218,40.305275,23.254545,982.706055,sense_hat,1,1
