dataset,iteration,mean_power_W,estimated_energy_J,nominal_duration_s,samples,source
IO_program_baseline,1,1.7193676886611333,103.162061319668,60,60,IO_program_baseline/baseline_idle_20260927T175024_611479Z.csv
IO_program_baseline,2,1.7325603482963716,103.9536208977823,60,60,IO_program_baseline/baseline_idle_20260927T175147_794428Z.csv
IO_program_baseline,3,1.7620006547529785,105.72003928517871,60,60,IO_program_baseline/baseline_idle_20260927T175442_819256Z.csv
IO_program_baseline,4,1.8699391138458703,112.19634683075222,60,60,IO_program_baseline/baseline_idle_20260927T175550_341082Z.csv
IO_program_baseline,5,1.7574028521468612,105.44417112881167,60,60,IO_program_baseline/baseline_idle_20260927T175714_671412Z.csv
IO_program_optimized,1,1.7159825193049987,102.95895115829993,60,60,IO_program_optimized/baseline_idle_20260928T034653_842527Z.csv
IO_program_optimized,2,1.694823755976164,101.68942535856985,60,60,IO_program_optimized/baseline_idle_20260928T034801_531275Z.csv
IO_program_optimized,3,1.7080432487746193,102.48259492647716,60,60,IO_program_optimized/baseline_idle_20260928T034904_402933Z.csv
IO_program_optimized,4,1.6920572095919217,101.5234325755153,60,60,IO_program_optimized/baseline_idle_20260928T035021_570447Z.csv
IO_program_optimized,5,1.695465519106701,101.72793114640206,60,60,IO_program_optimized/baseline_idle_20260928T035123_909195Z.csv
IO_program_optimized,6,1.7115235497104837,102.69141298262902,60,60,IO_program_optimized/baseline_idle_20260928T035233_701439Z.csv
comp_program_baseline,1,2.160037751541379,129.60226509248272,60,60,comp_program_baseline/baseline_idle_20260927T200315_095112Z.csv
comp_program_optimized,1,1.7145182897470785,102.87109738482471,60,60,comp_program_optimized/baseline_idle_20260928T040416_791567Z.csv
mem_program_baseline,1,2.124628615032672,127.4777169019603,60,60,mem_program_baseline/baseline_idle_20260927T195550_976257Z.csv
mem_program_baseline,2,2.1363935622142898,128.1836137328574,60,60,mem_program_baseline/baseline_idle_20260927T195800_345017Z.csv
mem_program_baseline,3,2.1698112181635794,130.18867308981476,60,60,mem_program_baseline/baseline_idle_20260927T195904_770712Z.csv
mem_program_baseline,4,2.1692835158888877,130.15701095333327,60,60,mem_program_baseline/baseline_idle_20260927T200010_968188Z.csv
mem_program_baseline,5,2.1501394543184387,129.0083672591063,60,60,mem_program_baseline/baseline_idle_20260927T200126_546840Z.csv
mem_program_optimized,1,1.7458663161553503,104.75197896932102,60,60,mem_program_optimized/baseline_idle_20260928T035620_259268Z.csv
mem_program_optimized,2,1.7354285615620628,104.12571369372377,60,60,mem_program_optimized/baseline_idle_20260928T035723_511785Z.csv
mem_program_optimized,3,1.7576931949957895,105.46159169974737,60,60,mem_program_optimized/baseline_idle_20260928T035829_856559Z.csv
mem_program_optimized,4,1.7171052273078375,103.02631363847026,60,60,mem_program_optimized/baseline_idle_20260928T035933_099929Z.csv
mem_program_optimized,5,1.7479791087280783,104.8787465236847,60,60,mem_program_optimized/baseline_idle_20260928T040126_517648Z.csv
no_program_baseline,1,1.6317911188302427,97.90746712981456,60,60,no_program_baseline/baseline_idle_20260924T220414_620090Z.csv
no_program_baseline,2,1.721379894916311,103.28279369497866,60,60,no_program_baseline/baseline_idle_20260924T220538_769313Z.csv
no_program_baseline,3,1.7087995150865232,102.5279709051914,60,60,no_program_baseline/baseline_idle_20260924T220658_890721Z.csv
no_program_baseline,4,1.64594283528942,98.7565701173652,60,60,no_program_baseline/baseline_idle_20260924T220813_301356Z.csv
no_program_baseline,5,1.6581191835695839,99.48715101417503,60,60,no_program_baseline/baseline_idle_20260924T220924_362536Z.csv
no_program_baseline,6,1.628481029574846,97.70886177449076,60,60,no_program_baseline/baseline_idle_20260924T221028_516268Z.csv
no_program_baseline,7,1.655791250115196,99.34747500691175,60,60,no_program_baseline/baseline_idle_20260924T221132_437529Z.csv
no_program_baseline,8,1.6872464066573067,101.23478439943841,60,60,no_program_baseline/baseline_idle_20260924T221239_945853Z.csv
no_program_baseline,9,1.6453984974679559,98.72390984807735,60,60,no_program_baseline/baseline_idle_20260924T221342_889506Z.csv
no_program_baseline,10,1.677310258415761,100.63861550494566,60,60,no_program_baseline/baseline_idle_20260924T221527_829739Z.csv
program_1500,1,1.7813629174029333,106.881775044176,60,60,program_1500/baseline_idle_20260927T185339_347447Z.csv
program_1500,2,1.7774627757927228,106.64776654756336,60,60,program_1500/baseline_idle_20260927T185553_574488Z.csv
program_1500,3,1.7528602162433746,105.17161297460248,60,60,program_1500/baseline_idle_20260927T185656_196020Z.csv
program_1500,4,1.7686335827298292,106.11801496378975,60,60,program_1500/baseline_idle_20260927T185758_652167Z.csv
program_1500,5,1.7951861782459937,107.71117069475962,60,60,program_1500/baseline_idle_20260927T185900_489055Z.csv
program_1500_powersave_gov,1,1.6924073501354109,101.54444100812465,60,60,program_1500_powersave_gov/baseline_idle_20260927T191116_995542Z.csv
program_1500_powersave_gov,2,1.718386232428308,103.10317394569847,60,60,program_1500_powersave_gov/baseline_idle_20260927T191250_356534Z.csv
program_1500_powersave_gov,3,1.7238952753933288,103.43371652359973,60,60,program_1500_powersave_gov/baseline_idle_20260927T191435_350965Z.csv
program_1500_powersave_gov,4,1.7244384391664453,103.46630634998672,60,60,program_1500_powersave_gov/baseline_idle_20260927T191553_989705Z.csv
program_1500_powersave_gov,5,1.7048001540516664,102.28800924309998,60,60,program_1500_powersave_gov/baseline_idle_20260927T191659_510017Z.csv
program_1800,1,1.8567438887524792,111.40463332514875,60,60,program_1800/baseline_idle_20260927T183800_996828Z.csv
program_1800,2,1.8598810603416218,111.59286362049731,60,60,program_1800/baseline_idle_20260927T183903_532045Z.csv
program_1800,3,1.8674245633377269,112.04547380026361,60,60,program_1800/baseline_idle_20260927T184010_045233Z.csv
program_1800,4,1.8688185480782018,112.1291128846921,60,60,program_1800/baseline_idle_20260927T184112_977209Z.csv
program_1800,5,1.8800322904989382,112.80193742993629,60,60,program_1800/baseline_idle_20260927T184221_399350Z.csv
program_2100,1,1.9664311632569347,117.98586979541608,60,60,program_2100/baseline_idle_20260927T183102_226989Z.csv
program_2100,2,1.9799748902129457,118.79849341277674,60,60,program_2100/baseline_idle_20260927T183217_061661Z.csv
program_2100,3,1.9716551765673238,118.29931059403943,60,60,program_2100/baseline_idle_20260927T183318_888042Z.csv
program_2100,4,1.9755656796351053,118.53394077810631,60,60,program_2100/baseline_idle_20260927T183420_515936Z.csv
program_2100,5,1.9805203135729832,118.83121881437899,60,60,program_2100/baseline_idle_20260927T183536_594195Z.csv
program_baseline,1,1.9168128264178332,115.00876958507,60,60,program_baseline/baseline_idle_20260924T230226_920859Z.csv
program_baseline,2,1.9086820880654647,114.52092528392788,60,60,program_baseline/baseline_idle_20260924T230337_736169Z.csv
program_baseline,3,1.8423083896655634,110.5385033799338,60,60,program_baseline/baseline_idle_20260925T145639_347225Z.csv
program_baseline,4,1.861365391164039,111.68192346984235,60,60,program_baseline/baseline_idle_20260925T145829_342889Z.csv
program_baseline,5,1.8568277312300439,111.40966387380263,60,60,program_baseline/baseline_idle_20260925T145933_603776Z.csv
program_baseline,6,1.9390250713181727,116.34150427909036,60,60,program_baseline/baseline_idle_20260925T150043_143349Z.csv
program_baseline,7,1.8195150901024293,109.17090540614576,60,60,program_baseline/baseline_idle_20260925T150144_984517Z.csv
program_baseline,8,1.9361154690513374,116.16692814308024,60,60,program_baseline/baseline_idle_20260925T150254_648306Z.csv
program_baseline,9,1.8598091516709014,111.58854910025408,60,60,program_baseline/baseline_idle_20260925T150357_433224Z.csv
program_baseline,10,1.8865001772983487,113.19001063790093,60,60,program_baseline/baseline_idle_20260925T150509_686518Z.csv
program_one_core,1,1.7866371280994837,107.19822768596902,60,60,program_one_core/baseline_idle_20260927T181354_512163Z.csv
program_one_core,2,1.7214120954605228,103.28472572763137,60,60,program_one_core/baseline_idle_20260927T181503_661809Z.csv
program_one_core,3,1.7554552317123515,105.3273139027411,60,60,program_one_core/baseline_idle_20260927T181605_478389Z.csv
program_one_core,4,1.7625801875394296,105.75481125236577,60,60,program_one_core/baseline_idle_20260927T181713_755420Z.csv
program_one_core,5,1.7420076759704366,104.52046055822619,60,60,program_one_core/baseline_idle_20260927T181840_301171Z.csv
program_optimized,1,1.6932014549397074,101.59208729638245,60,60,program_optimized/baseline_idle_20260928T143435_491448Z.csv
program_optimized,2,1.6871417421199655,101.22850452719793,60,60,program_optimized/baseline_idle_20260928T143547_918893Z.csv
program_optimized,3,1.675725428851034,100.54352573106203,60,60,program_optimized/baseline_idle_20260928T143657_857963Z.csv
program_optimized,4,1.704640106564197,102.27840639385181,60,60,program_optimized/baseline_idle_20260928T143804_505193Z.csv
program_optimized,5,1.6909361161542182,101.45616696925309,60,60,program_optimized/baseline_idle_20260928T143917_626555Z.csv
program_optimized_all_power_save_applie,1,1.6147302065037956,96.88381239022773,60,60,program_optimized_all_power_save_applie/baseline_idle_20260928T145058_793750Z.csv
program_optimized_all_power_save_applie,2,1.619608468459803,97.17650810758819,60,60,program_optimized_all_power_save_applie/baseline_idle_20260928T145206_485251Z.csv
program_optimized_all_power_save_applie,3,1.614347193383965,96.86083160303791,60,60,program_optimized_all_power_save_applie/baseline_idle_20260928T145311_788791Z.csv
program_optimized_all_power_save_applie,4,1.6123595786000668,96.74157471600401,60,60,program_optimized_all_power_save_applie/baseline_idle_20260928T145414_827777Z.csv
program_optimized_all_power_save_applie,5,1.6113335871650976,96.68001522990585,60,60,program_optimized_all_power_save_applie/baseline_idle_20260928T145522_047354Z.csv
program_two_cores,1,1.7686544603644645,106.11926762186786,60,60,program_two_cores/baseline_idle_20260927T180451_041181Z.csv
program_two_cores,2,1.7452198617713242,104.71319170627945,60,60,program_two_cores/baseline_idle_20260927T180557_809084Z.csv
program_two_cores,3,1.7605989706488396,105.63593823893038,60,60,program_two_cores/baseline_idle_20260927T180700_745220Z.csv
program_two_cores,4,1.7269110618818637,103.61466371291182,60,60,program_two_cores/baseline_idle_20260927T180803_076910Z.csv
program_two_cores,5,1.7663411406273972,105.98046843764384,60,60,program_two_cores/baseline_idle_20260927T180905_765424Z.csv
program_two_cores,6,1.763594925615992,105.81569553695952,60,60,program_two_cores/baseline_idle_20260927T181009_512756Z.csv
